Pulsera;Acabado pulsera;Colgante;Acabado colgante;Mes;SKU
pulsera_nombre;oro;collar_flor_natal;oro;enero;YS15777D0W0-KZ + XX49472D0W1
pulsera_nombre;oro;collar_flor_natal;oro;febrero;YS15777D0W0-KZ + XX49472D0W2
pulsera_nombre;oro;collar_flor_natal;oro;marzo;YS15777D0W0-KZ + XX49472D0W3
pulsera_nombre;oro;collar_flor_natal;oro;abril;YS15777D0W0-KZ + XX49472D0W4
pulsera_nombre;oro;collar_flor_natal;oro;mayo;YS15777D0W0-KZ + XX49472D0W5
pulsera_nombre;oro;collar_flor_natal;oro;junio;YS15777D0W0-KZ + XX49472D0W6
pulsera_nombre;oro;collar_flor_natal;oro;julio;YS15777D0W0-KZ + XX49472D0W7
pulsera_nombre;oro;collar_flor_natal;oro;agosto;YS15777D0W0-KZ + XX49472D0W8
pulsera_nombre;oro;collar_flor_natal;oro;septiembre;YS15777D0W0-KZ + XX49472D0W9
pulsera_nombre;oro;collar_flor_natal;oro;octubre;YS15777D0W0-KZ + XX49472D0W10
pulsera_nombre;oro;collar_flor_natal;oro;noviembre;YS15777D0W0-KZ + XX49472D0W11
pulsera_nombre;oro;collar_flor_natal;oro;diciembre;YS15777D0W0-KZ + XX49472D0W12
pulsera_nombre;oro;collar_flor_natal;plata;enero;YS15777D0W0-KZ + XX49472A0W1
pulsera_nombre;oro;collar_flor_natal;plata;febrero;YS15777D0W0-KZ + XX49472A0W2
pulsera_nombre;oro;collar_flor_natal;plata;marzo;YS15777D0W0-KZ + XX49472A0W3
pulsera_nombre;oro;collar_flor_natal;plata;abril;YS15777D0W0-KZ + XX49472A0W4
pulsera_nombre;oro;collar_flor_natal;plata;mayo;YS15777D0W0-KZ + XX49472A0W5
pulsera_nombre;oro;collar_flor_natal;plata;junio;YS15777D0W0-KZ + XX49472A0W6
pulsera_nombre;oro;collar_flor_natal;plata;julio;YS15777D0W0-KZ + XX49472A0W7
pulsera_nombre;oro;collar_flor_natal;plata;agosto;YS15777D0W0-KZ + XX49472A0W8
pulsera_nombre;oro;collar_flor_natal;plata;septiembre;YS15777D0W0-KZ + XX49472A0W9
pulsera_nombre;oro;collar_flor_natal;plata;octubre;YS15777D0W0-KZ + XX49472A0W10
pulsera_nombre;oro;collar_flor_natal;plata;noviembre;YS15777D0W0-KZ + XX49472A0W11
pulsera_nombre;oro;collar_flor_natal;plata;diciembre;YS15777D0W0-KZ + XX49472A0W12
pulsera_nombre;plata;collar_flor_natal;oro;enero;YS15777A0W0-KZ + XX49472D0W1
pulsera_nombre;plata;collar_flor_natal;oro;febrero;YS15777A0W0-KZ + XX49472D0W2
pulsera_nombre;plata;collar_flor_natal;oro;marzo;YS15777A0W0-KZ + XX49472D0W3
pulsera_nombre;plata;collar_flor_natal;oro;abril;YS15777A0W0-KZ + XX49472D0W4
pulsera_nombre;plata;collar_flor_natal;oro;mayo;YS15777A0W0-KZ + XX49472D0W5
pulsera_nombre;plata;collar_flor_natal;oro;junio;YS15777A0W0-KZ + XX49472D0W6
pulsera_nombre;plata;collar_flor_natal;oro;julio;YS15777A0W0-KZ + XX49472D0W7
pulsera_nombre;plata;collar_flor_natal;oro;agosto;YS15777A0W0-KZ + XX49472D0W8
pulsera_nombre;plata;collar_flor_natal;oro;septiembre;YS15777A0W0-KZ + XX49472D0W9
pulsera_nombre;plata;collar_flor_natal;oro;octubre;YS15777A0W0-KZ + XX49472D0W10
pulsera_nombre;plata;collar_flor_natal;oro;noviembre;YS15777A0W0-KZ + XX49472D0W11
pulsera_nombre;plata;collar_flor_natal;oro;diciembre;YS15777A0W0-KZ + XX49472D0W12
pulsera_nombre;plata;collar_flor_natal;plata;enero;YS15777A0W0-KZ + XX49472A0W1
pulsera_nombre;plata;collar_flor_natal;plata;febrero;YS15777A0W0-KZ + XX49472A0W2
pulsera_nombre;plata;collar_flor_natal;plata;marzo;YS15777A0W0-KZ + XX49472A0W3
pulsera_nombre;plata;collar_flor_natal;plata;abril;YS15777A0W0-KZ + XX49472A0W4
pulsera_nombre;plata;collar_flor_natal;plata;mayo;YS15777A0W0-KZ + XX49472A0W5
pulsera_nombre;plata;collar_flor_natal;plata;junio;YS15777A0W0-KZ + XX49472A0W6
pulsera_nombre;plata;collar_flor_natal;plata;julio;YS15777A0W0-KZ + XX49472A0W7
pulsera_nombre;plata;collar_flor_natal;plata;agosto;YS15777A0W0-KZ + XX49472A0W8
pulsera_nombre;plata;collar_flor_natal;plata;septiembre;YS15777A0W0-KZ + XX49472A0W9
pulsera_nombre;plata;collar_flor_natal;plata;octubre;YS15777A0W0-KZ + XX49472A0W10
pulsera_nombre;plata;collar_flor_natal;plata;noviembre;YS15777A0W0-KZ + XX49472A0W11
pulsera_nombre;plata;collar_flor_natal;plata;diciembre;YS15777A0W0-KZ + XX49472A0W12
pulsera_nombre;oro;collar_esencial;oro;;YS15777D0W0-KZ + CDNN067-2
pulsera_nombre;oro;collar_esencial;oro;;YS15777D0W0-KZ + CDNN067-2 + diaoke
pulsera_nombre;oro;collar_esencial;plata;;YS15777D0W0-KZ + CDNN067-1
pulsera_nombre;oro;collar_esencial;plata;;YS15777D0W0-KZ + CDNN067-1 + diaoke
pulsera_nombre;plata;collar_esencial;oro;;YS15777A0W0-KZ + CDNN067-2
pulsera_nombre;plata;collar_esencial;oro;;YS15777A0W0-KZ + CDNN067-2 + diaoke
pulsera_nombre;plata;collar_esencial;plata;;YS15777A0W0-KZ + CDNN067-1
pulsera_nombre;plata;collar_esencial;plata;;YS15777A0W0-KZ + CDNN067-1 + diaoke
brazalete_mensaje;oro;collar_flor_natal;oro;enero;FZ28329D0W0-KZ + XX49472D0W1
brazalete_mensaje;oro;collar_flor_natal;oro;febrero;FZ28329D0W0-KZ + XX49472D0W2
brazalete_mensaje;oro;collar_flor_natal;oro;marzo;FZ28329D0W0-KZ + XX49472D0W3
brazalete_mensaje;oro;collar_flor_natal;oro;abril;FZ28329D0W0-KZ + XX49472D0W4
brazalete_mensaje;oro;collar_flor_natal;oro;mayo;FZ28329D0W0-KZ + XX49472D0W5
brazalete_mensaje;oro;collar_flor_natal;oro;junio;FZ28329D0W0-KZ + XX49472D0W6
brazalete_mensaje;oro;collar_flor_natal;oro;julio;FZ28329D0W0-KZ + XX49472D0W7
brazalete_mensaje;oro;collar_flor_natal;oro;agosto;FZ28329D0W0-KZ + XX49472D0W8
brazalete_mensaje;oro;collar_flor_natal;oro;septiembre;FZ28329D0W0-KZ + XX49472D0W9
brazalete_mensaje;oro;collar_flor_natal;oro;octubre;FZ28329D0W0-KZ + XX49472D0W10
brazalete_mensaje;oro;collar_flor_natal;oro;noviembre;FZ28329D0W0-KZ + XX49472D0W11
brazalete_mensaje;oro;collar_flor_natal;oro;diciembre;FZ28329D0W0-KZ + XX49472D0W12
brazalete_mensaje;oro;collar_flor_natal;plata;enero;FZ28329D0W0-KZ + XX49472A0W1
brazalete_mensaje;oro;collar_flor_natal;plata;febrero;FZ28329D0W0-KZ + XX49472A0W2
brazalete_mensaje;oro;collar_flor_natal;plata;marzo;FZ28329D0W0-KZ + XX49472A0W3
brazalete_mensaje;oro;collar_flor_natal;plata;abril;FZ28329D0W0-KZ + XX49472A0W4
brazalete_mensaje;oro;collar_flor_natal;plata;mayo;FZ28329D0W0-KZ + XX49472A0W5
brazalete_mensaje;oro;collar_flor_natal;plata;junio;FZ28329D0W0-KZ + XX49472A0W6
brazalete_mensaje;oro;collar_flor_natal;plata;julio;FZ28329D0W0-KZ + XX49472A0W7
brazalete_mensaje;oro;collar_flor_natal;plata;agosto;FZ28329D0W0-KZ + XX49472A0W8
brazalete_mensaje;oro;collar_flor_natal;plata;septiembre;FZ28329D0W0-KZ + XX49472A0W9
brazalete_mensaje;oro;collar_flor_natal;plata;octubre;FZ28329D0W0-KZ + XX49472A0W10
brazalete_mensaje;oro;collar_flor_natal;plata;noviembre;FZ28329D0W0-KZ + XX49472A0W11
brazalete_mensaje;oro;collar_flor_natal;plata;diciembre;FZ28329D0W0-KZ + XX49472A0W12
brazalete_mensaje;plata;collar_flor_natal;oro;enero;FZ28329A0W0-KZ + XX49472D0W1
brazalete_mensaje;plata;collar_flor_natal;oro;febrero;FZ28329A0W0-KZ + XX49472D0W2
brazalete_mensaje;plata;collar_flor_natal;oro;marzo;FZ28329A0W0-KZ + XX49472D0W3
brazalete_mensaje;plata;collar_flor_natal;oro;abril;FZ28329A0W0-KZ + XX49472D0W4
brazalete_mensaje;plata;collar_flor_natal;oro;mayo;FZ28329A0W0-KZ + XX49472D0W5
brazalete_mensaje;plata;collar_flor_natal;oro;junio;FZ28329A0W0-KZ + XX49472D0W6
brazalete_mensaje;plata;collar_flor_natal;oro;julio;FZ28329A0W0-KZ + XX49472D0W7
brazalete_mensaje;plata;collar_flor_natal;oro;agosto;FZ28329A0W0-KZ + XX49472D0W8
brazalete_mensaje;plata;collar_flor_natal;oro;septiembre;FZ28329A0W0-KZ + XX49472D0W9
brazalete_mensaje;plata;collar_flor_natal;oro;octubre;FZ28329A0W0-KZ + XX49472D0W10
brazalete_mensaje;plata;collar_flor_natal;oro;noviembre;FZ28329A0W0-KZ + XX49472D0W11
brazalete_mensaje;plata;collar_flor_natal;oro;diciembre;FZ28329A0W0-KZ + XX49472D0W12
brazalete_mensaje;plata;collar_flor_natal;plata;enero;FZ28329A0W0-KZ + XX49472A0W1
brazalete_mensaje;plata;collar_flor_natal;plata;febrero;FZ28329A0W0-KZ + XX49472A0W2
brazalete_mensaje;plata;collar_flor_natal;plata;marzo;FZ28329A0W0-KZ + XX49472A0W3
brazalete_mensaje;plata;collar_flor_natal;plata;abril;FZ28329A0W0-KZ + XX49472A0W4
brazalete_mensaje;plata;collar_flor_natal;plata;mayo;FZ28329A0W0-KZ + XX49472A0W5
brazalete_mensaje;plata;collar_flor_natal;plata;junio;FZ28329A0W0-KZ + XX49472A0W6
brazalete_mensaje;plata;collar_flor_natal;plata;julio;FZ28329A0W0-KZ + XX49472A0W7
brazalete_mensaje;plata;collar_flor_natal;plata;agosto;FZ28329A0W0-KZ + XX49472A0W8
brazalete_mensaje;plata;collar_flor_natal;plata;septiembre;FZ28329A0W0-KZ + XX49472A0W9
brazalete_mensaje;plata;collar_flor_natal;plata;octubre;FZ28329A0W0-KZ + XX49472A0W10
brazalete_mensaje;plata;collar_flor_natal;plata;noviembre;FZ28329A0W0-KZ + XX49472A0W11
brazalete_mensaje;plata;collar_flor_natal;plata;diciembre;FZ28329A0W0-KZ + XX49472A0W12
brazalete_mensaje;oro;collar_esencial;oro;;FZ28329D0W0-KZ + CDNN067-2
brazalete_mensaje;oro;collar_esencial;oro;;FZ28329D0W0-KZ + CDNN067-2 + diaoke
brazalete_mensaje;oro;collar_esencial;plata;;FZ28329D0W0-KZ + CDNN067-1
brazalete_mensaje;oro;collar_esencial;plata;;FZ28329D0W0-KZ + CDNN067-1 + diaoke
brazalete_mensaje;plata;collar_esencial;oro;;FZ28329A0W0-KZ + CDNN067-2
brazalete_mensaje;plata;collar_esencial;oro;;FZ28329A0W0-KZ + CDNN067-2 + diaoke
brazalete_mensaje;plata;collar_esencial;plata;;FZ28329A0W0-KZ + CDNN067-1
brazalete_mensaje;plata;collar_esencial;plata;;FZ28329A0W0-KZ + CDNN067-1 + diaoke
pulsera_vinculo;oro;collar_flor_natal;oro;enero;YS14924D0W0 + XX49472D0W1
pulsera_vinculo;oro;collar_flor_natal;oro;febrero;YS14924D0W0 + XX49472D0W2
pulsera_vinculo;oro;collar_flor_natal;oro;marzo;YS14924D0W0 + XX49472D0W3
pulsera_vinculo;oro;collar_flor_natal;oro;abril;YS14924D0W0 + XX49472D0W4
pulsera_vinculo;oro;collar_flor_natal;oro;mayo;YS14924D0W0 + XX49472D0W5
pulsera_vinculo;oro;collar_flor_natal;oro;junio;YS14924D0W0 + XX49472D0W6
pulsera_vinculo;oro;collar_flor_natal;oro;julio;YS14924D0W0 + XX49472D0W7
pulsera_vinculo;oro;collar_flor_natal;oro;agosto;YS14924D0W0 + XX49472D0W8
pulsera_vinculo;oro;collar_flor_natal;oro;septiembre;YS14924D0W0 + XX49472D0W9
pulsera_vinculo;oro;collar_flor_natal;oro;octubre;YS14924D0W0 + XX49472D0W10
pulsera_vinculo;oro;collar_flor_natal;oro;noviembre;YS14924D0W0 + XX49472D0W11
pulsera_vinculo;oro;collar_flor_natal;oro;diciembre;YS14924D0W0 + XX49472D0W12
pulsera_vinculo;oro;collar_flor_natal;plata;enero;YS14924D0W0 + XX49472A0W1
pulsera_vinculo;oro;collar_flor_natal;plata;febrero;YS14924D0W0 + XX49472A0W2
pulsera_vinculo;oro;collar_flor_natal;plata;marzo;YS14924D0W0 + XX49472A0W3
pulsera_vinculo;oro;collar_flor_natal;plata;abril;YS14924D0W0 + XX49472A0W4
pulsera_vinculo;oro;collar_flor_natal;plata;mayo;YS14924D0W0 + XX49472A0W5
pulsera_vinculo;oro;collar_flor_natal;plata;junio;YS14924D0W0 + XX49472A0W6
pulsera_vinculo;oro;collar_flor_natal;plata;julio;YS14924D0W0 + XX49472A0W7
pulsera_vinculo;oro;collar_flor_natal;plata;agosto;YS14924D0W0 + XX49472A0W8
pulsera_vinculo;oro;collar_flor_natal;plata;septiembre;YS14924D0W0 + XX49472A0W9
pulsera_vinculo;oro;collar_flor_natal;plata;octubre;YS14924D0W0 + XX49472A0W10
pulsera_vinculo;oro;collar_flor_natal;plata;noviembre;YS14924D0W0 + XX49472A0W11
pulsera_vinculo;oro;collar_flor_natal;plata;diciembre;YS14924D0W0 + XX49472A0W12
pulsera_vinculo;plata;collar_flor_natal;oro;enero;YS14924A0W0 + XX49472D0W1
pulsera_vinculo;plata;collar_flor_natal;oro;febrero;YS14924A0W0 + XX49472D0W2
pulsera_vinculo;plata;collar_flor_natal;oro;marzo;YS14924A0W0 + XX49472D0W3
pulsera_vinculo;plata;collar_flor_natal;oro;abril;YS14924A0W0 + XX49472D0W4
pulsera_vinculo;plata;collar_flor_natal;oro;mayo;YS14924A0W0 + XX49472D0W5
pulsera_vinculo;plata;collar_flor_natal;oro;junio;YS14924A0W0 + XX49472D0W6
pulsera_vinculo;plata;collar_flor_natal;oro;julio;YS14924A0W0 + XX49472D0W7
pulsera_vinculo;plata;collar_flor_natal;oro;agosto;YS14924A0W0 + XX49472D0W8
pulsera_vinculo;plata;collar_flor_natal;oro;septiembre;YS14924A0W0 + XX49472D0W9
pulsera_vinculo;plata;collar_flor_natal;oro;octubre;YS14924A0W0 + XX49472D0W10
pulsera_vinculo;plata;collar_flor_natal;oro;noviembre;YS14924A0W0 + XX49472D0W11
pulsera_vinculo;plata;collar_flor_natal;oro;diciembre;YS14924A0W0 + XX49472D0W12
pulsera_vinculo;plata;collar_flor_natal;plata;enero;YS14924A0W0 + XX49472A0W1
pulsera_vinculo;plata;collar_flor_natal;plata;febrero;YS14924A0W0 + XX49472A0W2
pulsera_vinculo;plata;collar_flor_natal;plata;marzo;YS14924A0W0 + XX49472A0W3
pulsera_vinculo;plata;collar_flor_natal;plata;abril;YS14924A0W0 + XX49472A0W4
pulsera_vinculo;plata;collar_flor_natal;plata;mayo;YS14924A0W0 + XX49472A0W5
pulsera_vinculo;plata;collar_flor_natal;plata;junio;YS14924A0W0 + XX49472A0W6
pulsera_vinculo;plata;collar_flor_natal;plata;julio;YS14924A0W0 + XX49472A0W7
pulsera_vinculo;plata;collar_flor_natal;plata;agosto;YS14924A0W0 + XX49472A0W8
pulsera_vinculo;plata;collar_flor_natal;plata;septiembre;YS14924A0W0 + XX49472A0W9
pulsera_vinculo;plata;collar_flor_natal;plata;octubre;YS14924A0W0 + XX49472A0W10
pulsera_vinculo;plata;collar_flor_natal;plata;noviembre;YS14924A0W0 + XX49472A0W11
pulsera_vinculo;plata;collar_flor_natal;plata;diciembre;YS14924A0W0 + XX49472A0W12
pulsera_vinculo;oro;collar_esencial;oro;;YS14924D0W0 + CDNN067-2
pulsera_vinculo;oro;collar_esencial;oro;;YS14924D0W0 + CDNN067-2 + diaoke
pulsera_vinculo;oro;collar_esencial;plata;;YS14924D0W0 + CDNN067-1
pulsera_vinculo;oro;collar_esencial;plata;;YS14924D0W0 + CDNN067-1 + diaoke
pulsera_vinculo;plata;collar_esencial;oro;;YS14924A0W0 + CDNN067-2
pulsera_vinculo;plata;collar_esencial;oro;;YS14924A0W0 + CDNN067-2 + diaoke
pulsera_vinculo;plata;collar_esencial;plata;;YS14924A0W0 + CDNN067-1
pulsera_vinculo;plata;collar_esencial;plata;;YS14924A0W0 + CDNN067-1 + diaoke
